Avg. Session Length,Time on App,Time on Website,Length of Membership,Pred_results
31.945395748344524,12.965761479512215,36.96638889642577,6.076653638440144,663.3597503333567
33.60685082311888,12.21407374586628,37.198427822725975,2.905238361446573,481.00418577687196
32.33598963740772,13.007819424388568,37.85177916943607,2.996364526268539,484.87013739111103
33.25633546983111,13.85806246213124,37.78026468722867,5.97676812602,725.5495904390912
34.08366330162949,8.668349517101323,35.906756365793065,2.2524459633808416,315.3926165736084
